email,password
tellus.imperdiet@egestasligulaNullam.org,LIL97YXB3MT
egestas@penatibus.org,SMC35MAV0KL
hendrerit.Donec@eutemporerat.edu,GHX07HGR7TB
in@utpellentesque.org,ZJK34KWM4AO
augue.ac.ipsum@Suspendisse.co.uk,CQA01OHA3HM
Mauris@Vestibulumante.ca,RLI20EQS0XI
sed@metusvitae.ca,GYN36MOW0RY
pretium.aliquet@justonecante.net,ORT25ZTL9NR
non.lacinia@inconsectetueripsum.edu,JVO90LNE1YT
et@nonummyacfeugiat.ca,TYW65LGK9ED
cursus@nonenim.org,FEU24YMY5AU
semper@suscipitnonummyFusce.edu,RII72EYG4KP
magna.malesuada@maurissitamet.co.uk,GYE30BVX9IF
Cum.sociis.natoque@liberoInteger.ca,ZKC26AMK1BQ
Mauris.eu@Duis.org,QCJ17FIZ9IR
suscipit.est.ac@nequeNullam.co.uk,NUG04CLZ9DZ
urna@sagittisfelis.net,GNY75HAX1QH
at@anteipsum.edu,OBW19ALX4IE
Lorem@et.co.uk,OVM23QCZ0AM
sem.eget@enimEtiamimperdiet.org,NOI62DYX4NK
ligula@pellentesquetellus.com,PNF29YAZ3OG
tincidunt@nulla.net,EEM15RPO7BJ
magna.Lorem@egestas.edu,DSU63GAB7QS
dictum.Phasellus.in@Duisa.net,ECN89DQP6ZX