email,password,phone,user_type_id
cooler1@cooler-car.com,QWY69FMO2KW,578-622-5131,system
cooler2@cooler-car.com,GLZ01ZAL7HC,503-157-0717,system
cooler3@cooler-car.com,IWO53PLC4OH,939-828-3067,system
cooler4@cooler-car.com,PDZ88YYS4VC,730-390-8678,system
cooler5@cooler-car.com,TMY35RLZ8TK,788-941-5570,system
cooler6@cooler-car.com,LJY96DFG8OJ,910-600-8326,system
quis.pede.Praesent@et.net,MFW66CGX9LT,868-550-6420,person
at.iaculis@semeget.net,JYT47XQM1XV,815-222-8230,partner
Nunc.ullamcorper.velit@dolordolor.net,KEY82GZJ1UO,312-565-1370,partner
Donec.sollicitudin@feugiattelluslorem.ca,PED54YKZ6IJ,244-181-6587,person
lorem.auctor@antebibendum.ca,NOT45PZJ8AN,389-566-6193,person
nibh.Phasellus@ipsumdolor.net,AIK19QEE4GS,892-119-4037,person
dis@commodoat.net,QYG33LXY9WT,678-647-4285,person
Nulla.interdum.Curabitur@velturpis.co.uk,UCC78QGG2SG,213-102-3272,person
morbi.tristique.senectus@dapibus.co.uk,TSQ26HFR7HW,639-773-0581,person
volutpat.Nulla.dignissim@idsapien.com,RPQ68UEU9ZV,745-131-4224,partner
ut.quam.vel@elitpretiumet.edu,LRN00JKG7QU,407-120-6386,person
ornare.facilisis@nibh.co.uk,DVI68KFP4UL,914-480-3971,person
Vestibulum.ante@ornare.net,HIW12UQT1YH,304-583-2761,person
fringilla.euismod@vitaerisusDuis.edu,KKI34CCD7LA,657-206-5338,person
mauris.eu.elit@ac.co.uk,ASA92MBL9XV,878-556-7335,person
elit@diamlorem.com,DDU76YOZ3GQ,268-329-7484,person
non.leo@luctus.edu,SJT84WSS0OR,991-318-9294,person
ipsum.primis@aliquetsemut.com,RGM24VYE7QK,455-180-8709,person
Donec@rutrum.org,VUV97HYO6MR,189-794-8224,person
tellus.imperdiet@egestasligulaNullam.org,AOE04AZN4SA,534-242-8571,person
egestas@penatibus.org,JOC40XTH4KF,199-424-9361,partner
hendrerit.Donec@eutemporerat.edu,QTM01TRP4RG,254-605-7551,partner
in@utpellentesque.org,JOU39UTH6RI,705-203-1804,person
augue.ac.ipsum@Suspendisse.co.uk,EYT22UCS1WD,274-712-8737,person
Mauris@Vestibulumante.ca,YEO73UEQ5UH,745-727-4223,person
sed@metusvitae.ca,CLD55GYN1IB,992-866-2742,person
pretium.aliquet@justonecante.net,SUJ76AQL8UE,248-226-1310,person
non.lacinia@inconsectetueripsum.edu,HCI11THO7QG,649-533-1102,person
et@nonummyacfeugiat.ca,AUE07HPU5YY,188-592-1989,partner
cursus@nonenim.org,QAP24RMP1LM,129-266-0538,partner
semper@suscipitnonummyFusce.edu,DFM23LJW0MC,666-479-7903,person
magna.malesuada@maurissitamet.co.uk,KRA53DCG2BK,467-648-3483,partner
Cum.sociis.natoque@liberoInteger.ca,OMK35FHN3CI,784-911-1105,partner
Mauris.eu@Duis.org,RFB34BQZ9MM,116-118-8411,person
suscipit.est.ac@nequeNullam.co.uk,VFA68QNZ5JJ,701-441-8208,person
urna@sagittisfelis.net,CNB72ODU4CR,747-141-2204,person
at@anteipsum.edu,LCN63NYW6SP,496-579-0827,partner
Lorem@et.co.uk,QKX88EJH5TS,551-230-5829,partner
sem.eget@enimEtiamimperdiet.org,DGS94ROI7LG,234-576-8864,person
ligula@pellentesquetellus.com,VBV38DCW4PO,275-720-8883,person
tincidunt@nulla.net,TST17ZTS3ZJ,638-634-8569,partner
magna.Lorem@egestas.edu,PHG67KOI7ZT,678-787-1315,partner
dictum.Phasellus.in@Duisa.net,SMG82KWA0UE,586-898-6384,person