user_id,name,second_name,last_name,second_last_name,curp,rfc,ine_number,PF_type_id
1,Troy,Cook,Ronan,Morris,O8A5O6,E8Y8K5328,16930617 3049,PF
2,Peter,Noble,Burton,Hubbard,P0M1P3,I0E7L4783,16050113 5727,PF
3,Devin,Ortega,Carl,Daniel,S9S6P8,R5P4Y0562,16251125 2732,PF
4,Dominic,Adams,Harper,Price,V6F3E3,P1C6I2685,16760304 5357,PF
5,Boris,Pena,Honorato,Leach,Y6U3U1,W8L3J6381,16360230 6858,PF
6,Fletcher,Hicks,Elvis,Mullins,X0O7H3,H4A6N8693,16780612 8794,PF
7,Elton,Carter,Valentine,Fields,G7E5Q5,A6X7O2855,16710224 2117,PF
8,Zeus,Sanford,Deacon,Robertson,V9O2O2,S7E0G5284,16320105 6318,PFAE
9,Stuart,Mcneil,Channing,Guerra,S0S5Q5,R6N2Y6844,16700708 7617,PFAE
10,Russell,Guzman,Cruz,Whitehead,R6V0B8,Y3O1N4739,16351015 2485,PF
11,Arden,Walter,Mohammad,Fernandez,T7S6Y8,N6J9B4191,16190710 0588,PF
12,Coby,Collier,Kadeem,Berg,X1N3B5,V5E1J4753,16461120 3102,PF
13,Oliver,Schultz,Garrison,Campos,Y2Q8S5,P7A2D7755,16220901 8155,PF
14,David,Harper,Wylie,Dale,P4J0G2,X1B8J4869,16640303 8547,PF
15,Zeus,Hudson,Ezra,Farrell,J6B4U2,N0N6N7648,16531120 3573,PF
16,Dieter,Leblanc,Marshall,Larson,E3W5D4,G7C1V9265,16271011 5706,PFAE
17,Harlan,Hughes,Christopher,Hinton,M7Z6Q0,D6H0H8436,16290809 6551,PF
18,Caleb,Strickland,Quinlan,Mcknight,X6W4B2,S6O4N3596,16450827 2228,PF
19,Emery,Waller,Ira,Duncan,Y4N5S9,I7P6T2737,16901108 4549,PF
20,Benjamin,Edwards,Julian,Blackwell,C8F0R2,X2B9U8467,16311025 0473,PF
21,Quinn,Sykes,Forrest,Chang,E8C4L1,P3G3E1814,16751024 4168,PF
22,Justin,Rasmussen,Macon,Wolf,O1T2N3,K5Q9F1848,16740322 5258,PF
23,Joshua,Oneil,Rashad,Duncan,X0S6G9,E1L3L9419,16300516 6131,PF
24,Felix,Johnston,Dante,Keith,P3E7Y4,E8T4K3615,16320513 5183,PF
25,Erich,Reese,Travis,Cummings,N3C3Z9,Q4X5J9533,16120104 9580,PF
26,Jarrod,Merritt,Connor,Richardson,B9O5H8,U9O1X5621,16331025 2188,PF
27,Baker,Little,Martin,Walters,D1X4U0,O6L6H7566,16980812 2171,PFAE
28,Graham,Lowe,Brenden,Stuart,E3U9X4,P5J5O3933,16860318 7900,PFAE
29,Charles,Mccoy,Colt,Campbell,I3P6X9,S2G8A0776,16700227 6595,PF
30,Derek,Young,Linus,Mercer,A2P8S6,Q6C0T9397,16331127 1674,PF
31,Jack,Sutton,Cadman,Banks,C5E6O8,O0R4V8745,16020803 5162,PF
32,Cadman,Decker,Flynn,Glover,S9H5F7,O2T9N3482,16020910 9339,PF
33,Paki,Boone,Isaac,Acevedo,W4Y7F9,W4B6S1952,16920822 7364,PF
34,Randall,Wade,Leroy,Sanders,C4Q6Z1,P1G1S5414,16030412 7822,PF
35,Gray,Cooley,Tate,Witt,E7B0O2,I4F8H7993,16810505 1810,PFAE
36,Jason,Erickson,Samson,Thornton,R2R8D6,E9M0Z1761,16060512 2779,PFAE
37,Jonas,Andrews,Benjamin,Woodward,O5J3N7,V9C2Q3428,16041124 0369,PF
38,Howard,Blackwell,Gregory,Langley,Y0H8X6,G3Y4E8413,16021129 1737,PFAE
39,Dante,Pollard,Clark,Albert,L4C5M0,E3F6B2668,16660905 3894,PFAE
40,Mark,Ward,Mufutau,Austin,A7M1R3,J1N4M1977,16690330 7491,PF
41,James,Snow,Driscoll,Marshall,P9L1T5,S3Z4A7684,16741109 5289,PF
42,Peter,Cortez,Samson,Wong,A7E0J2,S2G0C3222,16140721 9250,PF
43,Reese,Harrison,Tyrone,Dickson,Z0Z1X4,W4M9F8661,16450122 6569,PFAE
44,Hasad,Ayala,Macon,Wallace,X6D3W3,U6N7Y4382,16211011 2600,PFAE
45,Justin,Atkins,Stephen,Patton,E3E7U1,N3I7U7691,16260919 3673,PF
46,Baker,Holt,Kamal,Fletcher,R2H4Y0,Z0M7M2324,16170125 5646,PF
47,Rogan,Kirk,Darius,Kramer,X8C5K5,D0W0A3582,16160117 0671,PFAE
48,Dolan,Cannon,Herman,Davidson,X8K5L6,P5F8W2159,16980920 5389,PFAE
49,Castor,Velazquez,Ivan,Christian,V4Z8S6,F9I5X9289,16370420 1114,PF